model,test_position,dataset_index,true_label,predicted_label,is_error
svm,25,129,8,1,1
svm,240,69,9,7,1
svm,242,5,5,9,1
svm,255,1553,8,1,1
svm,266,1022,4,7,1
svm,287,1657,7,5,1
svm,329,1264,1,4,1
svm,331,1271,8,4,1
svm,438,1176,9,6,1
knn,25,129,8,1,1
knn,28,757,4,7,1
knn,90,930,5,9,1
knn,174,1562,9,7,1
knn,194,1100,9,8,1
knn,200,492,6,1,1
knn,239,899,8,3,1
knn,240,69,9,4,1
knn,242,5,5,9,1
knn,255,1553,8,1,1
knn,266,1022,4,7,1
knn,287,1657,7,5,1
knn,331,1271,8,2,1
knn,392,599,3,2,1
knn,437,1708,4,7,1
knn,438,1176,9,6,1
knn_tuned,25,129,8,1,1
knn_tuned,28,757,4,7,1
knn_tuned,90,930,5,9,1
knn_tuned,174,1562,9,7,1
knn_tuned,194,1100,9,8,1
knn_tuned,200,492,6,1,1
knn_tuned,239,899,8,3,1
knn_tuned,240,69,9,4,1
knn_tuned,242,5,5,9,1
knn_tuned,255,1553,8,1,1
knn_tuned,266,1022,4,7,1
knn_tuned,287,1657,7,5,1
knn_tuned,331,1271,8,2,1
knn_tuned,392,599,3,2,1
knn_tuned,437,1708,4,7,1
knn_tuned,438,1176,9,6,1
